<?xml version="1.0" encoding="UTF-8" standalone="yes"?>
<ns2:ExportManifest xmlns:ns2="http://www.pentaho.com/schema/">
    <ExportManifestInformation exportDate="02-06-2015 10:13:36 ICT" exportBy="admin" rootFolder="/public/รายงาน/" manifestVersion="2"/>
    <ExportManifestEntity path="Top1.prpt">
        <ExportManifestProperty>
            <EntityMetaData name="Top1.prpt" createdDate="2015-02-25T15:16:34.969+07:00" isFolder="false" path="Top1.prpt" isHidden="false" locale="th_TH" title="Top1-การเติมเงิน (จำนวนครั้ง) ตามสายทาง โดยแสดงสายทางที่ซื้อบัตร"/>
        </ExportManifestProperty>
        <ExportManifestProperty>
            <EntityAcl>
                <aces>
                    <permissions>READ</permissions>
                    <recipient>Marketing_main</recipient>
                    <recipientType>ROLE</recipientType>
                </aces>
                <entriesInheriting>false</entriesInheriting>
                <owner>admin</owner>
                <ownerType>USER</ownerType>
            </EntityAcl>
        </ExportManifestProperty>
    </ExportManifestEntity>
</ns2:ExportManifest>
