<?xml version="1.0" encoding="UTF-8" standalone="yes"?>
<ns2:ExportManifest xmlns:ns2="http://www.pentaho.com/schema/">
    <ExportManifestInformation exportDate="02-06-2015 10:14:02 ICT" exportBy="admin" rootFolder="/public/รายงาน/" manifestVersion="2"/>
    <ExportManifestEntity path="Top5.prpt">
        <ExportManifestProperty>
            <EntityMetaData name="Top5.prpt" createdDate="2015-02-25T15:39:32.421+07:00" isFolder="false" path="Top5.prpt" isHidden="false" locale="th_TH" title="Top5-ข้อมูลการเติมเงิน Easy Pass  หน่วยงานภายนอก (กราฟ)"/>
        </ExportManifestProperty>
        <ExportManifestProperty>
            <EntityAcl>
                <aces>
                    <permissions>READ</permissions>
                    <recipient>Marketing_main</recipient>
                    <recipientType>ROLE</recipientType>
                </aces>
                <entriesInheriting>false</entriesInheriting>
                <owner>admin</owner>
                <ownerType>USER</ownerType>
            </EntityAcl>
        </ExportManifestProperty>
    </ExportManifestEntity>
</ns2:ExportManifest>
