<?xml version="1.0" encoding="UTF-8" standalone="yes"?>
<ns2:ExportManifest xmlns:ns2="http://www.pentaho.com/schema/">
    <ExportManifestInformation exportDate="14-07-2015 12:25:14 ICT" exportBy="admin" rootFolder="/public/" manifestVersion="2"/>
    <ExportManifestEntity path="Dashboard">
        <ExportManifestProperty>
            <EntityMetaData name="Dashboard" createdDate="2014-11-04T11:03:53.887+07:00" isFolder="true" path="Dashboard" isHidden="false" locale="th_TH" title="Dashboard"/>
        </ExportManifestProperty>
        <ExportManifestProperty>
            <EntityAcl>
                <entriesInheriting>true</entriesInheriting>
                <owner>admin</owner>
                <ownerType>USER</ownerType>
            </EntityAcl>
        </ExportManifestProperty>
    </ExportManifestEntity>
    <ExportManifestEntity path="Dashboard/EXAT DASHBOARD.xaction">
        <ExportManifestProperty>
            <EntityMetaData name="EXAT DASHBOARD.xaction" createdDate="2015-06-18T11:10:40.528+07:00" isFolder="false" path="Dashboard/EXAT DASHBOARD.xaction" isHidden="false" locale="th_TH" title="EXAT DASHBOARD"/>
        </ExportManifestProperty>
        <ExportManifestProperty>
            <EntityAcl>
                <entriesInheriting>true</entriesInheriting>
                <owner>admin</owner>
                <ownerType>USER</ownerType>
            </EntityAcl>
        </ExportManifestProperty>
    </ExportManifestEntity>
    <ExportManifestEntity path="Dashboard/Easy Pass Dashboard.cda">
        <ExportManifestProperty>
            <EntityMetaData name="Easy Pass Dashboard.cda" createdDate="2014-11-17T11:55:03.540+07:00" isFolder="false" path="Dashboard/Easy Pass Dashboard.cda" isHidden="true" locale="th_TH" title="Easy Pass Dashboard"/>
        </ExportManifestProperty>
        <ExportManifestProperty>
            <EntityAcl>
                <entriesInheriting>true</entriesInheriting>
                <owner>admin</owner>
                <ownerType>USER</ownerType>
            </EntityAcl>
        </ExportManifestProperty>
    </ExportManifestEntity>
    <ExportManifestEntity path="Dashboard/Easy Pass Dashboard.cdfde">
        <ExportManifestProperty>
            <EntityMetaData name="Easy Pass Dashboard.cdfde" createdDate="2014-11-17T11:55:11.219+07:00" isFolder="false" path="Dashboard/Easy Pass Dashboard.cdfde" isHidden="true" locale="th_TH" title="Easy Pass Dashboard"/>
        </ExportManifestProperty>
        <ExportManifestProperty>
            <EntityAcl>
                <entriesInheriting>true</entriesInheriting>
                <owner>admin</owner>
                <ownerType>USER</ownerType>
            </EntityAcl>
        </ExportManifestProperty>
    </ExportManifestEntity>
    <ExportManifestEntity path="Dashboard/Easy Pass Dashboard.wcdf">
        <ExportManifestProperty>
            <EntityMetaData name="Easy Pass Dashboard.wcdf" createdDate="2014-11-17T11:55:16.954+07:00" isFolder="false" path="Dashboard/Easy Pass Dashboard.wcdf" isHidden="false" locale="th_TH" title="Easy Pass Dashboard"/>
        </ExportManifestProperty>
        <ExportManifestProperty>
            <EntityAcl>
                <entriesInheriting>true</entriesInheriting>
                <owner>admin</owner>
                <ownerType>USER</ownerType>
            </EntityAcl>
        </ExportManifestProperty>
    </ExportManifestEntity>
</ns2:ExportManifest>
