<?xml version="1.0" encoding="UTF-8" standalone="yes"?>
<ns2:ExportManifest xmlns:ns2="http://www.pentaho.com/schema/">
    <ExportManifestInformation exportDate="02-06-2015 10:17:39 ICT" exportBy="admin" rootFolder="/public/รายงาน/" manifestVersion="2"/>
    <ExportManifestEntity path="Traf6.prpt">
        <ExportManifestProperty>
            <EntityMetaData name="Traf6.prpt" createdDate="2015-02-25T15:42:14.317+07:00" isFolder="false" path="Traf6.prpt" isHidden="false" locale="th_TH" title="Traf6-ปริมาณการผ่านทางพิเศษด้วยบัตรอัตโนมัติ (จำแนกรายเดือน)"/>
        </ExportManifestProperty>
        <ExportManifestProperty>
            <EntityAcl>
                <aces>
                    <permissions>READ</permissions>
                    <recipient>Marketing_main</recipient>
                    <recipientType>ROLE</recipientType>
                </aces>
                <entriesInheriting>false</entriesInheriting>
                <owner>admin</owner>
                <ownerType>USER</ownerType>
            </EntityAcl>
        </ExportManifestProperty>
    </ExportManifestEntity>
</ns2:ExportManifest>
