<?xml version="1.0" encoding="UTF-8" standalone="yes"?>
<ns2:ExportManifest xmlns:ns2="http://www.pentaho.com/schema/">
    <ExportManifestInformation exportDate="02-06-2015 10:13:41 ICT" exportBy="admin" rootFolder="/public/รายงาน/" manifestVersion="2"/>
    <ExportManifestEntity path="Top2.prpt">
        <ExportManifestProperty>
            <EntityMetaData name="Top2.prpt" createdDate="2015-02-25T15:23:55.205+07:00" isFolder="false" path="Top2.prpt" isHidden="false" locale="th_TH" title="Top2-การเติมเงินผ่านหน่วยงานภายนอก"/>
        </ExportManifestProperty>
        <ExportManifestProperty>
            <EntityAcl>
                <aces>
                    <permissions>READ</permissions>
                    <recipient>Marketing_main</recipient>
                    <recipientType>ROLE</recipientType>
                </aces>
                <entriesInheriting>false</entriesInheriting>
                <owner>admin</owner>
                <ownerType>USER</ownerType>
            </EntityAcl>
        </ExportManifestProperty>
    </ExportManifestEntity>
</ns2:ExportManifest>
